{
    "criterion": "CrossEntropyLoss",
    "lr": 0.001,
    "num_epochs": 100,
    "batch_size": 32,
    "momentum": 0.9,
    "train_loss": [
        3.1634349946451032,
        2.99507528678499,
        2.649748160288884,
        2.189492012827824,
        1.8581119225575373,
        1.6108827965381818,
        1.4156266076442523,
        1.2804169645294166,
        1.1886328305953588,
        1.1170722064681542,
        1.0555668857235174,
        1.0024347134316578,
        0.9434320976336797,
        0.9030928128422835,
        0.879014221426004,
        0.84787489206363,
        0.8111721733823801,
        0.7799504284675305,
        0.7489818340310683,
        0.7358127991931561,
        0.7125227419802775,
        0.6922248366933602,
        0.661006992826095,
        0.6736169277857511,
        0.6506228142250807,
        0.6429687906534244,
        0.6308661476732829,
        0.6184177830910835,
        0.6105995742747417,
        0.6044167512788986,
        0.57814516657247,
        0.5870881113581933,
        0.5900386944413185,
        0.5766613924254974,
        0.5665967603906606,
        0.5518153506116226,
        0.5432063844054937,
        0.5489954540076164,
        0.5520134409173176,
        0.5406999957676117,
        0.5290572952288084,
        0.5207935693936471,
        0.5228200279271755,
        0.5154602780747108,
        0.5045178589912561,
        0.49429361015940326,
        0.5017940836648146,
        0.4820711091160774,
        0.4816395237755317,
        0.49269310509165126,
        0.47447097731324345,
        0.4913473615979219,
        0.4790919784504872,
        0.4801554581174603,
        0.4815499419709305,
        0.47170001694134306,
        0.46309982457911814,
        0.4688752115788785,
        0.461998365432411,
        0.4535778114789879,
        0.44857065452190187,
        0.454914470094365,
        0.4434018841666448,
        0.45350042619294934,
        0.43199759237952046,
        0.44088755993099954,
        0.438246940056999,
        0.4343553321895661,
        0.4339741934574657,
        0.41709595560640483,
        0.42250366276734835,
        0.412111203803064,
        0.4236197964614862,
        0.4193725905248097,
        0.4108866287709831,
        0.4088031787715562,
        0.41060014739148804,
        0.39947470391241763,
        0.4005268873622665,
        0.39601398873832316,
        0.4010165695391305,
        0.3910632322651225,
        0.3984456900991016,
        0.3962900769691189,
        0.3906140825771666,
        0.38984006377203123,
        0.38831636950663934,
        0.3741261502606915,
        0.37550443928543625,
        0.37575832055276864,
        0.3767911070691688,
        0.369901070588982,
        0.37549706204951583,
        0.35787691650065506,
        0.3613137296074397,
        0.37227869125736224,
        0.3527047379764837,
        0.3636424114516416,
        0.35898234975802434,
        0.35396594721098223,
        0.36486086317084054,
        0.3475364218042655
    ],
    "train_acc": [
        0.09722740856574963,
        0.290126338167098,
        0.4387820513966756,
        0.5085470086106887,
        0.5644364316876118,
        0.6114917202637746,
        0.643175747914192,
        0.6613982373323196,
        0.6774305556064997,
        0.6879607374087359,
        0.7018696581706022,
        0.7160189638917263,
        0.7340945513584675,
        0.7441439638153101,
        0.7509815706274449,
        0.7546274039225701,
        0.7605769233061717,
        0.7712873933024895,
        0.7812900642553965,
        0.7836071048409511,
        0.7910990919440221,
        0.7915197650973613,
        0.8033587074814699,
        0.7965344553574537,
        0.803211805721124,
        0.8074652779942904,
        0.811545138939833,
        0.8103432158629099,
        0.813848824837269,
        0.8131610579215564,
        0.8227897972250596,
        0.8176482373323196,
        0.8205462073286375,
        0.8217815172213775,
        0.8239650107347049,
        0.8330194980670245,
        0.8286057693453935,
        0.8285056090889833,
        0.8275974895327519,
        0.8291800215076177,
        0.8287927351700954,
        0.8378004809984794,
        0.8346087074814699,
        0.8388354701873584,
        0.841513087734198,
        0.8463207800418903,
        0.8391960471486434,
        0.8447315706274449,
        0.8498197117677102,
        0.8446047009947972,
        0.8460403314003577,
        0.844828493215821,
        0.8484247233960536,
        0.8476130350843653,
        0.8456589707306453,
        0.8508146945145223,
        0.8516902658459428,
        0.8474476912191936,
        0.852381703915534,
        0.8561545515602286,
        0.8560530905212674,
        0.8566806457646481,
        0.8573908730373754,
        0.8555908791430584,
        0.8587098665438689,
        0.857454755863586,
        0.8582025613490637,
        0.8610246814303584,
        0.8602205087225159,
        0.8685064935064936,
        0.8651470058150106,
        0.8683749700521494,
        0.859889820798651,
        0.8643165284937079,
        0.8708664022095791,
        0.8685891655358401,
        0.8663194444659469,
        0.8678601490599769,
        0.8713549182012483,
        0.8718810125991896,
        0.8712910353750377,
        0.8728317399690677,
        0.86802549311867,
        0.8724897788329558,
        0.8765031265748011,
        0.8738087723394493,
        0.8697503307810077,
        0.8774989477612756,
        0.8805052009108779,
        0.8778296356851404,
        0.877277236673739,
        0.8786601130064432,
        0.8764467593524363,
        0.8812342171932196,
        0.8838158369838417,
        0.878532347354022,
        0.8862696909285211,
        0.88365049311867,
        0.8852926587516611,
        0.8859202139950418,
        0.8851536194999496,
        0.886066768850599
    ],