{"criterion": "CrossEntropyLoss", "lr": 0.0005, "num_epochs": 100, "batch_size": 25, "momentum": 0.9, "train_loss": [3.1857390922307967, 3.0838274788856506, 2.9270452362298967, 2.6823945134878158, 2.4123568508028983, 2.1819122061133385, 1.9531529253721238, 1.754901748597622, 1.578758663237095, 1.455969139188528, 1.3666227662563324, 1.2704503543674945, 1.2056544095277786, 1.1548396477103233, 1.1212228316068649, 1.0950026558339596, 1.0405740055441857, 1.015031572431326, 0.9850610756874084, 0.9400135838240385, 0.9249456442147493, 0.8930078086256981, 0.8798148411512375, 0.8714538776129485, 0.8280751297622919, 0.8136544305086136, 0.7898637414723635, 0.780639464892447, 0.7625371376425027, 0.7584705349057913, 0.7416678428649902, 0.7355388314276934, 0.7196193508058787, 0.7022706213966012, 0.7009943870455027, 0.6907820990309119, 0.6830478721857071, 0.6688220517337322, 0.6560655226930976, 0.6610195070132613, 0.6491939549148082, 0.6485588392242789, 0.6537346094101667, 0.6312183463945985, 0.6238551346585155, 0.6290730229765177, 0.611140793710947, 0.6071693623438478, 0.5989737432077527, 0.6134035623446107, 0.5936614361032844, 0.5827441873773932, 0.579260324947536, 0.5775019104033708, 0.5779365632683039, 0.5728971375152468, 0.5596641715615988, 0.562646781988442, 0.5557255282998085, 0.5601088768616319, 0.5505232694372535, 0.5473641111142933, 0.543898256123066, 0.527892450466752, 0.5384990142658352, 0.5325441225245595, 0.530828847233206, 0.5198217794112862, 0.5181701545789837, 0.5211184865236282, 0.524676702991128, 0.5193361977487803, 0.49414507765322924, 0.50501140659675, 0.4974795666337013, 0.5141165987029672, 0.48920469829812646, 0.4935761807486415, 0.49509823402389885, 0.4877689885906875, 0.4759247689694166, 0.48117966642603277, 0.48015990072861314, 0.4768794209882617, 0.4746284350566566, 0.4683544311672449, 0.46583969283849, 0.47084646467119456, 0.4767806613445282, 0.4632929291203618], "train_acc": [0.07882499800994992, 0.17381249530240894, 0.2820374924875796, 0.3890374888293445, 0.43662498872727157, 0.49078748704865577, 0.5303499867394567, 0.5681499863043428, 0.6122374860197306, 0.6359874845296144, 0.6424749846756458, 0.6576624844968318, 0.6702624820917845, 0.6788749832659959, 0.6816749845445156, 0.6860874832421541, 0.7014874818176031, 0.7097499816864729, 0.7164624813944102, 0.7313374787569046, 0.7331499785929918, 0.7442874795198441, 0.7432374784350395, 0.7485749786347151, 0.762849977388978, 0.7657499779760838, 0.7673749777674675, 0.7714749763906003, 0.7739624775201083, 0.7770749771595001, 0.7769624768197536, 0.7804624745994806, 0.7888749760389328, 0.7901999771595001, 0.7916874754428863, 0.7935874769836664, 0.7934624774754048, 0.7958374783396721, 0.8028874777257442, 0.8012749773263931, 0.8001624763011932, 0.8025749763846397, 0.8029874756187201, 0.8081624768674374, 0.8078874760866165, 0.8083499772846698, 0.8136749774217605, 0.8152624762058258, 0.8137749756872654, 0.8099499759078026, 0.8170749747753143, 0.8193499764800072, 0.822099974900484, 0.8248749750852585, 0.8200749741494655, 0.8215624757111073, 0.8275874757766724, 0.8261874762177467, 0.8253874760866166, 0.8288624756038189, 0.8313749764859676, 0.8283999748528004, 0.8284874743223191, 0.8369874747097492, 0.8322874754667282, 0.8323624759912491, 0.8308499746024609, 0.8377624772489071, 0.8376874755322933, 0.8395749734342098, 0.8394874739646911, 0.8384624752402305, 0.8446749743819236, 0.8426874762773514, 0.8456874772906303, 0.840862475335598, 0.8456624768674373, 0.8484749747812748, 0.8457624745368958, 0.844874976426363, 0.8500999745726585, 0.8495749750733376, 0.8491749756038189, 0.8511874753236771, 0.8499749763309956, 0.8554749739170074, 0.8498374763131141, 0.8514874763786793, 0.8479874750971794, 0.8517374765872955], "val_loss": [3.15789963069715, 3.0581955658762077, 2.863011724070499, 2.5100080615595766, 2.06213800907135, 1.7050285088388544, 1.4473205422100268, 1.2441609765353956, 1.1235498848714327, 1.0429975904916462, 0.968256435896221, 0.9045446458615755, 0.867549686369143, 0.818121327851948, 0.7769285798072815, 0.7514178658786573, 0.7258887178019473, 0.6967187818727996, 0.6880056440830231, 0.6644169616071801, 0.5943298198674855, 0.6229949811571522, 0.5975129916479713, 0.5659952690726833, 0.5761965734393973, 0.5721419924183896, 0.5369001209735871, 0.5222737977379247, 0.5396555254333898, 0.49874646420541563, 0.49986208818460764, 0.4679403260350227, 0.4889521478822357, 0.476526462639633, 0.48772772942718706, 0.4773608342597359, 0.45872259759589246, 0.49187104345152255, 0.4749073284237008, 0.45769022640429047, 0.4507838482135221, 0.4411945299098366, 0.46914372663748893, 0.45430807910467447, 0.45436804357327915, 0.44346772048034167, 0.43536927590244695, 0.4363273991565955, 0.4463931566006259, 0.4336505882049862, 0.439387519736039, 0.4518490239193565, 0.4123389046443136, 0.42053747130067726, 0.42691646037917386, 0.4535389173971979, 0.41739730948680326, 0.42008821030980664, 0.4124550986446832, 0.4248981246822759, 0.41363028044763367, 0.4244155940256621, 0.43639559675204126, 0.41386372070563465, 0.411680537226953, 0.405112734985979, 0.42006823420524597, 0.41175593980833103, 0.4225426914268418, 0.41005091329938487, 0.40494324894327866, 0.3946674074781568, 0.4150063198648001, 0.4046600442183645, 0.394190479462084, 0.4297640656170092, 0.40519915666235123, 0.3855796383791848, 0.4033931386706076, 0.4028470314254886, 0.4005440002209262, 0.40550675376465445, 0.4310716266694822, 0.4141352508413164, 0.3872443183472282, 0.40998347903552806, 0.3922104922564406, 0.3997301696946746, 0.4065486473472495, 0.41938703201319044], "val_acc": [0.10947368137146297, 0.22536841528980356, 0.37831577893934754, 0.48642104173961437, 0.5316841963090395, 0.5989473534257789, 0.642842088561309, 0.6822105106554534, 0.7071578766170301, 0.7174736688011571, 0.7359999800983228, 0.7364210304461027, 0.7409473469382838, 0.7525262933028372, 0.7678947135021812, 0.7728420809695595, 0.7791578738312972, 0.778947345206612, 0.7885262890865928, 0.7934736662789394, 0.8134736600675081, 0.8077894511975741, 0.8127368192923696, 0.822631553599709, 0.8168420791625977, 0.8198947122222499, 0.8266315541769329, 0.8324210311237135, 0.8208420841317428, 0.8405262915711654, 0.8371578687115719, 0.8501052341963116, 0.8423157641762181, 0.8429473437761006, 0.840105236204047, 0.8403157679658187, 0.8497894519253781, 0.8363157648789256, 0.8432631348308764, 0.8529473417683652, 0.8509473430482964, 0.8570526079127663, 0.842421029115978, 0.8498947131006341, 0.8519999736233761, 0.8531578729027196, 0.8592631340026855, 0.857789451197574, 0.8539999742256967, 0.8591578722000122, 0.8573683964578729, 0.8523157653055693, 0.8605262925750331, 0.8597894467805561, 0.8590526091425043, 0.8556841881651628, 0.8608420804927224, 0.8606315543777064, 0.8653683988671553, 0.8594736576080322, 0.8610526091174076, 0.8528420799656918, 0.858947345457579, 0.857052607285349, 0.8624210257279246, 0.8682105026747051, 0.8573683970852902, 0.8611578677829943, 0.8588420767533151, 0.8634736625771774, 0.8696841848523993, 0.8705262930769669, 0.8610526066077383, 0.8658947135272779, 0.869473659992218, 0.8590526078876696, 0.8648420810699463, 0.8708420841317428, 0.8682105020472878, 0.8647368173850211, 0.8641052409222252, 0.8666315568120856, 0.8606315543777064, 0.8596841856053001, 0.8704210287646243, 0.8657894485875179, 0.8671578689625389, 0.8688420797649182, 0.8652631320451435, 0.8607368168077971], "best_acc": 0.8708420841317428, "run_id": "29092024220752"}