{"criterion": "CrossEntropyLoss", "lr": 0.001, "num_epochs": 50, "batch_size": 16, "momentum": 0.9, "train_loss": [0.6775539283241544, 0.6243951341935566, 0.5728877179679417, 0.5291498168593362, 0.4736834913492203, 0.41827025619291125, 0.3587637902015731, 0.32598004844926654, 0.2672815557037081, 0.24093634369117872, 0.21342559407154718, 0.18937211341801144, 0.182092182160843, 0.1640161933111293, 0.17561211658730394, 0.15521878314514956, 0.1487922321206757, 0.14179369381495885, 0.12979942010272116, 0.11596153614421685, 0.12022249360701867, 0.11020673993265345, 0.11918491209369331, 0.10517892642833647, 0.12143371287467224, 0.100157019837449, 0.11415152981256445, 0.10258556465573963, 0.09214584309873837, 0.09478911200893067, 0.08938022988981434, 0.09019765413055818, 0.08969430330519874, 0.09849980730740797, 0.09164941286490787, 0.08597565196188432, 0.08332939603410307, 0.08372199547565765, 0.10206531356310561, 0.07404647765326358, 0.07834513830242767, 0.08468797391590972, 0.08915271313994058, 0.08561185128720743, 0.07206301707109171, 0.0676741661570434, 0.07682009939370411, 0.09297508116634119, 0.07863081899648976, 0.06991623134707056], "train_acc": [0.5617559523809523, 0.7534226193314507, 0.8196428574266887, 0.848065476332392, 0.8815476191895348, 0.900892857284773, 0.9352678571428571, 0.9241071428571429, 0.9508928571428571, 0.9494047619047619, 0.9516369047619048, 0.9552083334752491, 0.9489583334042913, 0.9583333333333334, 0.9407738095947674, 0.9507440477609634, 0.9523809523809523, 0.9552083334752491, 0.9627976190476191, 0.9717261904761905, 0.9665178571428571, 0.9691964288552603, 0.9620535714285714, 0.9671130953800111, 0.9626488096657253, 0.96875, 0.96875, 0.96875, 0.9799107142857143, 0.96875, 0.96875, 0.9784226190476191, 0.9717261904761905, 0.9693452382371539, 0.9680059523809523, 0.9717261904761905, 0.9732142857142857, 0.9745535715704873, 0.9632440479028792, 0.9784226190476191, 0.9747023809523809, 0.9717261904761905, 0.9745535715704873, 0.9678571429990587, 0.9769345238095238, 0.9836309523809523, 0.9745535715704873, 0.9672619047619048, 0.9761904761904762, 0.9776785714285714], "val_loss": [0.6599491627319999, 0.61499088484308, 0.5774375563082488, 0.5069516884244006, 0.44416151487309, 0.3758103458777718, 0.31762732630190643, 0.2404898385638776, 0.2035087729277818, 0.18482822374157284, 0.15202414179625717, 0.13096116094485574, 0.12289778985407042, 0.10415447681494382, 0.09826390558610791, 0.09232879316677219, 0.09156221702047017, 0.09112613891129909, 0.07989776466527711, 0.0773500022680863, 0.06776057361908581, 0.07055191076158182, 0.06686498880710291, 0.07186562130632608, 0.06598459738914085, 0.06262367562917263, 0.07378512305086074, 0.06439174144812253, 0.07525349378018924, 0.058804334262790886, 0.06276223282127277, 0.065498613226025, 0.05600189510732889, 0.04943476046395043, 0.0662788869003239, 0.048071262932827936, 0.04835435626623423, 0.056915326286917145, 0.04668679547941555, 0.06027133433836634, 0.048125455550768456, 0.06574434090567671, 0.03723571846342605, 0.04862422317914341, 0.05059778823962678, 0.05931171517738182, 0.04580725409576426, 0.045083041226936744, 0.0437548846087378, 0.04327488467907128], "val_acc": [0.6503623205682506, 0.8215579727421636, 0.9021739130434783, 0.9320652173913043, 0.9465579727421636, 0.9547101466552071, 0.970108695652174, 0.9782608695652174, 0.9809782608695652, 0.9755434782608695, 0.9836956521739131, 0.9809782608695652, 0.9782608695652174, 0.9809782608695652, 0.9836956521739131, 0.9836956521739131, 0.9782608695652174, 0.9864130434782609, 0.9809782608695652, 0.9864130434782609, 0.9836956521739131, 0.9836956521739131, 0.9809782608695652, 0.9809782608695652, 0.9836956521739131, 0.9836956521739131, 0.9782608695652174, 0.9809782608695652, 0.9755434782608695, 0.9836956521739131, 0.9836956521739131, 0.9809782608695652, 0.9809782608695652, 0.9918478260869565, 0.9782608695652174, 0.9864130434782609, 0.9864130434782609, 0.9818840596986853, 0.9864130434782609, 0.9809782608695652, 0.9864130434782609, 0.9782608695652174, 0.9918478260869565, 0.9836956521739131, 0.9836956521739131, 0.9782608695652174, 0.9836956521739131, 0.9864130434782609, 0.9864130434782609, 0.9891304347826086], "best_acc": 0.9918478260869565, "run_id": "01102024171542"}