{"criterion": "CrossEntropyLoss", "lr": 0.0001, "num_epochs": 50, "batch_size": 8, "momentum": 0.9, "train_loss": [0.6750449543369228, 0.6852208821252844, 0.6363375150951845, 0.6173329519471903], "train_acc": [0.6099137931034483, 0.6185344827586207, 0.6458333333333334, 0.6795977011494253], "val_loss": [0.6522651406434866, 0.8341417335546933, 0.658701085127317, 0.8085012103502567], "val_acc": [0.6346153846153846, 0.6762820512820513, 0.8076923076923077, 0.7916666666666666], "best_acc": 0.8076923076923077, "run_id": "02102024012014"}