{"criterion": "CrossEntropyLoss", "lr": 0.002, "num_epochs": 200, "batch_size": 16, "momentum": 0.9, "train_loss": [2.913635768936676, 1.7553772792268338, 1.2798223074971664, 1.0781791005705552, 0.9444399153433957, 0.8535805102980253, 0.8042718002084389, 0.7432088609362884, 0.7182493102299743, 0.6905593477358324, 0.6625999402507995, 0.6491292047896046, 0.6169990480163143, 0.6115761897421191, 0.5863604680378846, 0.5808918911204176, 0.561846264538545, 0.5480487981274675, 0.5436825156091294, 0.5233847692391826, 0.5312019823583198, 0.5104414824770106, 0.5070333419590706, 0.4999050547679265, 0.49495485780646115, 0.47873368970808666, 0.4714655495312029, 0.4722892428389645, 0.46427396612549293, 0.458237944056301, 0.4663623789246993, 0.444358281839434, 0.4401223692066461, 0.441514248456384, 0.423711707526185, 0.4207741350634777, 0.41221080563697227, 0.41556316463451554, 0.41689724313294135, 0.4120151208575007, 0.3919966516106067, 0.3794253629038538, 0.3852881996630176, 0.3980375123195181, 0.391288452748583, 0.3750323677333042, 0.3858241787011521, 0.38163858161738873, 0.3714874933977102, 0.36880360972919896, 0.3613747459592171, 0.3704176643158047, 0.35993795497131964, 0.35027432964939903, 0.3561836982200157, 0.3480312144082389], "train_acc": [0.2729571197411003, 0.5764563106796117, 0.647046925566343, 0.6915453074433657, 0.7200647249190939, 0.7488875404530745, 0.7578883495145631, 0.7779126213592233, 0.7830703883495146, 0.7841828478964401, 0.7949029126213593, 0.7969255663430421, 0.8059263754045307, 0.8051173139158576, 0.8141181229773463, 0.8138147249190939, 0.8229166666666666, 0.8229166666666666, 0.825950647249191, 0.8358616504854369, 0.8331310679611651, 0.8361650485436893, 0.838794498381877, 0.8378843042071198, 0.838794498381877, 0.8446601941747572, 0.845165857605178, 0.8480987055016181, 0.8470873786407767, 0.8497168284789643, 0.8476941747572816, 0.8561893203883495, 0.8549757281553398, 0.8554813915857605, 0.8589199029126213, 0.8626618122977346, 0.8649878640776699, 0.8638754045307443, 0.865796925566343, 0.8661003236245954, 0.8715614886731392, 0.876415857605178, 0.8725728155339806, 0.8705501618122977, 0.8705501618122977, 0.8773260517799353, 0.8714603559870551, 0.8748988673139159, 0.8796521035598706, 0.8795509708737864, 0.8840008090614887, 0.8766181229773463, 0.8801577669902912, 0.8848098705501618, 0.8810679611650486, 0.8862257281553398], "val_loss": [2.0584844619997087, 1.0884873065256304, 0.8081803745800449, 0.6735308411621278, 0.6417568167371135, 0.5338960660561438, 0.5019945764012875, 0.48647582850629284, 0.4820981687355426, 0.45516423629897257, 0.4524237761093724, 0.46640363270717283, 0.4289849192865433, 0.41902629752312937, 0.43385350680158985, 0.42234219855839206, 0.42151449589479356, 0.41188500253784077, 0.4017371985460481, 0.39903723340361347, 0.3939895586140694, 0.39477096636208797, 0.4015351811724324, 0.41608230836929816, 0.4055626746387251, 0.40041087933125036, 0.38386695068930426, 0.39145139823517494, 0.38917373125591587, 0.41509832304812244, 0.41104052328775004, 0.4022623259934687, 0.38506197369387074, 0.3854824199311195, 0.38910348275976797, 0.39373507970763794, 0.4058452256804993, 0.37820794404514374, 0.3876427464487572, 0.38450991234952403, 0.3987277401611209, 0.39098815394024694, 0.40574792975619917, 0.39259178777856213, 0.3887620932993389, 0.39476327250801746, 0.3709076933803097, 0.3834661292693307, 0.4299181775700661, 0.3887849677654524, 0.40898412469654316, 0.4070878374961115, 0.3850071942133288, 0.39307686639649253, 0.40849822961515, 0.4028574322260195], "val_acc": [0.5971774193548387, 0.7051075270099024, 0.7735663083291823, 0.8033154122291073, 0.8168010753969992, 0.8424283154549137, 0.8461469534904726, 0.8533154122291072, 0.8445340502646661, 0.8529121864226556, 0.8581541219065266, 0.8517921147807952, 0.8633064516129032, 0.8651881721711928, 0.8615591399131283, 0.863485663167892, 0.8674283154549137, 0.8670250896484621, 0.8745967741935484, 0.8718637993258814, 0.8689516129032258, 0.8642921147807952, 0.869758064516129, 0.8637992831968492, 0.8670250896484621, 0.8701612903225806, 0.8736559141066766, 0.8710573477129783, 0.8746863799710427, 0.8674283154549137, 0.8655913979776444, 0.8642025090033009, 0.8784050180066016, 0.8762992831968492, 0.8747759857485371, 0.8763888889743435, 0.8714605735194298, 0.8791218638420105, 0.8738799283581395, 0.8653225806451613, 0.8678315412613653, 0.8771057348097524, 0.875, 0.8767025090033008, 0.8738799283581395, 0.8791218638420105, 0.8826612903225807, 0.8778225806451613, 0.8633960573903976, 0.8733870967741936, 0.8778225806451613, 0.868234767067817, 0.8791218638420105, 0.8778225806451613, 0.8726702509387847, 0.8733870967741936], "best_acc": 0.8826612903225807, "run_id": "30092024124437"}